{"cameraMode":{"drawMode":0,"name":"Shaded","section":"Shading Mode"},"sceneLighting":true,"audioPlay":false,"sceneViewState":{"showFog":true,"showMaterialUpdate":false,"showSkybox":true,"showFlares":true,"showImageEffects":true,"showParticleSystems":true},"in2DMode":false,"pivot":{"x":-8.462404251098633,"y":-0.8980916738510132,"z":-1.9797412157058716},"rotation":{"x":-0.13696430623531342,"y":0.6616016626358032,"z":-0.12470933049917221,"w":-0.7266192436218262},"size":12.525179862976075,"orthographic":false}